Date,Average Block Time
2015-07-30,4.46
2015-07-31,12.58
2015-08-01,16.34
2015-08-02,16.12
2015-08-03,16.37
2015-08-04,16.1
2015-08-05,16.51
2015-08-06,16.89
2015-08-07,16.65
2015-08-08,16.44
2015-08-09,16.86
2015-08-10,16.44
2015-08-11,16.37
2015-08-12,16.86
2015-08-13,16.34
2015-08-14,14.88
2015-08-15,16.04
2015-08-16,16.84
2015-08-17,16.16
2015-08-18,17.46
2015-08-19,16.64
2015-08-20,21.47
2015-08-21,16.98
2015-08-22,16.39
2015-08-23,17.24
2015-08-24,16.67
2015-08-25,16.95
2015-08-26,17.27
2015-08-27,18.35
2015-08-28,18.57
2015-08-29,19.93
2015-08-30,20.77
2015-08-31,20.87
2015-09-01,21.86
2015-09-02,24.12
2015-09-03,25.53
2015-09-04,19.3
2015-09-05,17.48
2015-09-06,17.19
2015-09-07,17.77
2015-09-08,17.46
2015-09-09,17.12
2015-09-10,17.18
2015-09-11,16.71
2015-09-12,17.11
2015-09-13,17.25
2015-09-14,17.61
2015-09-15,17.75
2015-09-16,17.32
2015-09-17,17.91
2015-09-18,17.57
2015-09-19,16.9
2015-09-20,16.04
2015-09-21,16.87
2015-09-22,17
2015-09-23,16.58
2015-09-24,17.1
2015-09-25,16.73
2015-09-26,17.32
2015-09-27,17.92
2015-09-28,18.02
2015-09-29,18.51
2015-09-30,18.04
2015-10-01,16.45
2015-10-02,16.62
2015-10-03,16.84
2015-10-04,17.47
2015-10-05,17.05
2015-10-06,17.67
2015-10-07,17.09
2015-10-08,16.6
2015-10-09,17.45
2015-10-10,17.44
2015-10-11,16.91
2015-10-12,16.48
2015-10-13,16.76
2015-10-14,17.3
2015-10-15,17.39
2015-10-16,17.56
2015-10-17,16.86
2015-10-18,17.28
2015-10-19,17.29
2015-10-20,17.2
2015-10-21,17.22
2015-10-22,17.78
2015-10-23,16.26
2015-10-24,16.52
2015-10-25,16.74
2015-10-26,17.52
2015-10-27,16.5
2015-10-28,17.33
2015-10-29,16.64
2015-10-30,16.3
2015-10-31,16.65
2015-11-01,16.54
2015-11-02,17.04
2015-11-03,16.83
2015-11-04,16.79
2015-11-05,16.85
2015-11-06,16.56
2015-11-07,17.27
2015-11-08,17.02
2015-11-09,17
2015-11-10,16.92
2015-11-11,17.08
2015-11-12,16.84
2015-11-13,16.63
2015-11-14,16.64
2015-11-15,16.52
2015-11-16,16.97
2015-11-17,16.54
2015-11-18,16.81
2015-11-19,17.04
2015-11-20,18.1
2015-11-21,16.97
2015-11-22,16.9
2015-11-23,16.65
2015-11-24,17.21
2015-11-25,17.37
2015-11-26,17.36
2015-11-27,16.5
2015-11-28,16.96
2015-11-29,16.84
2015-11-30,16.75
2015-12-01,16.92
2015-12-02,17.86
2015-12-03,16.46
2015-12-04,17.09
2015-12-05,17.07
2015-12-06,17.42
2015-12-07,17.18
2015-12-08,17.39
2015-12-09,16.46
2015-12-10,16.71
2015-12-11,16.93
2015-12-12,16.82
2015-12-13,16.29
2015-12-14,17.12
2015-12-15,16.91
2015-12-16,17.13
2015-12-17,16.86
2015-12-18,17.06
2015-12-19,16.89
2015-12-20,17.07
2015-12-21,17.14
2015-12-22,16.63
2015-12-23,16.73
2015-12-24,17.04
2015-12-25,16.82
2015-12-26,17.08
2015-12-27,16.96
2015-12-28,16.65
2015-12-29,17.18
2015-12-30,17.03
2015-12-31,16.97
2016-01-01,17.43
2016-01-02,16.74
2016-01-03,16.51
2016-01-04,16.61
2016-01-05,16.47
2016-01-06,16.63
2016-01-07,16.99
2016-01-08,16.28
2016-01-09,16.59
2016-01-10,16.59
2016-01-11,16.51
2016-01-12,17.23
2016-01-13,16.93
2016-01-14,16.66
2016-01-15,16.61
2016-01-16,16.79
2016-01-17,16.76
2016-01-18,16.71
2016-01-19,16.93
2016-01-20,16.72
2016-01-21,16.97
2016-01-22,16.81
2016-01-23,17.12
2016-01-24,16.39
2016-01-25,17.31
2016-01-26,16.37
2016-01-27,16.96
2016-01-28,16.96
2016-01-29,17.27
2016-01-30,17.11
2016-01-31,17.63
2016-02-01,16.96
2016-02-02,17.15
2016-02-03,16.36
2016-02-04,16.8
2016-02-05,16.84
2016-02-06,17.05
2016-02-07,16.69
2016-02-08,16.75
2016-02-09,16.92
2016-02-10,17.26
2016-02-11,17.02
2016-02-12,16.99
2016-02-13,16.82
2016-02-14,17.03
2016-02-15,17.2
2016-02-16,17.02
2016-02-17,17.5
2016-02-18,17.1
2016-02-19,16.91
2016-02-20,16.83
2016-02-21,16.81
2016-02-22,16.68
2016-02-23,17
2016-02-24,16.89
2016-02-25,16.51
2016-02-26,16.76
2016-02-27,16.95
2016-02-28,16.8
2016-02-29,17.47
2016-03-01,16.58
2016-03-02,16.58
2016-03-03,16.71
2016-03-04,16.87
2016-03-05,16.32
2016-03-06,17.17
2016-03-07,16.8
2016-03-08,16.76
2016-03-09,16.81
2016-03-10,16.18
2016-03-11,16.68
2016-03-12,16.75
2016-03-13,16.08
2016-03-14,16.53
2016-03-15,14.09
2016-03-16,14.01
2016-03-17,13.82
2016-03-18,14.08
2016-03-19,13.7
2016-03-20,13.9
2016-03-21,14.01
2016-03-22,13.85
2016-03-23,14.04
2016-03-24,13.71
2016-03-25,13.78
2016-03-26,13.72
2016-03-27,13.85
2016-03-28,14.05
2016-03-29,13.98
2016-03-30,13.86
2016-03-31,13.95
2016-04-01,13.75
2016-04-02,14.12
2016-04-03,13.91
2016-04-04,13.8
2016-04-05,13.94
2016-04-06,14.07
2016-04-07,14.16
2016-04-08,13.81
2016-04-09,14.12
2016-04-10,13.82
2016-04-11,14.14
2016-04-12,13.91
2016-04-13,13.95
2016-04-14,13.91
2016-04-15,13.86
2016-04-16,13.93
2016-04-17,13.91
2016-04-18,13.79
2016-04-19,14
2016-04-20,13.88
2016-04-21,14
2016-04-22,13.94
2016-04-23,13.89
2016-04-24,13.95
2016-04-25,13.7
2016-04-26,14.05
2016-04-27,13.87
2016-04-28,13.88
2016-04-29,13.88
2016-04-30,13.84
2016-05-01,14.09
2016-05-02,13.86
2016-05-03,13.78
2016-05-04,14.04
2016-05-05,13.92
2016-05-06,13.91
2016-05-07,13.97
2016-05-08,13.83
2016-05-09,13.96
2016-05-10,13.85
2016-05-11,14.22
2016-05-12,13.69
2016-05-13,13.65
2016-05-14,13.93
2016-05-15,13.94
2016-05-16,14.03
2016-05-17,13.74
2016-05-18,13.85
2016-05-19,13.96
2016-05-20,13.9
2016-05-21,14.02
2016-05-22,13.8
2016-05-23,13.91
2016-05-24,14
2016-05-25,13.91
2016-05-26,13.89
2016-05-27,13.8
2016-05-28,13.85
2016-05-29,13.91
2016-05-30,13.92
2016-05-31,14.14
2016-06-01,13.88
2016-06-02,13.86
2016-06-03,13.81
2016-06-04,13.85
2016-06-05,13.99
2016-06-06,13.69
2016-06-07,13.95
2016-06-08,13.79
2016-06-09,13.75
2016-06-10,14.21
2016-06-11,13.68
2016-06-12,13.86
2016-06-13,13.85
2016-06-14,13.82
2016-06-15,13.91
2016-06-16,13.97
2016-06-17,14.03
2016-06-18,13.76
2016-06-19,13.43
2016-06-20,14.03
2016-06-21,13.97
2016-06-22,13.65
2016-06-23,14.01
2016-06-24,13.84
2016-06-25,13.98
2016-06-26,13.85
2016-06-27,13.89
2016-06-28,13.8
2016-06-29,14.01
2016-06-30,13.97
2016-07-01,13.71
2016-07-02,13.95
2016-07-03,13.91
2016-07-04,13.85
2016-07-05,14.11
2016-07-06,13.75
2016-07-07,13.93
2016-07-08,14.01
2016-07-09,13.71
2016-07-10,13.92
2016-07-11,13.87
2016-07-12,13.99
2016-07-13,13.85
2016-07-14,13.96
2016-07-15,14.04
2016-07-16,13.78
2016-07-17,13.94
2016-07-18,13.69
2016-07-19,14
2016-07-20,14.05
2016-07-21,13.65
2016-07-22,14.08
2016-07-23,13.84
2016-07-24,14.16
2016-07-25,13.94
2016-07-26,14.42
2016-07-27,13.79
2016-07-28,14.21
2016-07-29,14.45
2016-07-30,14.44
2016-07-31,14.33
2016-08-01,14.49
2016-08-02,14.66
2016-08-03,14.44
2016-08-04,13.95
2016-08-05,14.24
2016-08-06,14.46
2016-08-07,14.22
2016-08-08,14.26
2016-08-09,14.1
2016-08-10,14.27
2016-08-11,14.24
2016-08-12,14.37
2016-08-13,14.32
2016-08-14,14.32
2016-08-15,14.19
2016-08-16,14.27
2016-08-17,14.38
2016-08-18,14.16
2016-08-19,14.37
2016-08-20,14.27
2016-08-21,14.2
2016-08-22,14.22
2016-08-23,14.36
2016-08-24,14.28
2016-08-25,14.18
2016-08-26,14.39
2016-08-27,14.22
2016-08-28,14.32
2016-08-29,14.37
2016-08-30,14.34
2016-08-31,14.22
2016-09-01,14.43
2016-09-02,14.18
2016-09-03,14.53
2016-09-04,14.34
2016-09-05,14.22
2016-09-06,14.42
2016-09-07,14.11
2016-09-08,14.37
2016-09-09,14.23
2016-09-10,14.4
2016-09-11,14.18
2016-09-12,14.25
2016-09-13,14.39
2016-09-14,14.18
2016-09-15,14.32
2016-09-16,14.25
2016-09-17,14.3
2016-09-18,15.43
2016-09-19,13.48
2016-09-20,14.01
2016-09-21,14.25
2016-09-22,15.04
2016-09-23,13.87
2016-09-24,14.71
2016-09-25,13.79
2016-09-26,14.79
2016-09-27,14.27
2016-09-28,14.15
2016-09-29,14.11
2016-09-30,14.37
2016-10-01,14.96
2016-10-02,14.04
2016-10-03,13.85
2016-10-04,14.13
2016-10-05,14.69
2016-10-06,14.44
2016-10-07,14.4
2016-10-08,13.73
2016-10-09,14.17
2016-10-10,14.16
2016-10-11,14.2
2016-10-12,14.48
2016-10-13,13.94
2016-10-14,14.13
2016-10-15,14.25
2016-10-16,14.2
2016-10-17,14.39
2016-10-18,14
2016-10-19,14.74
2016-10-20,13.65
2016-10-21,14.11
2016-10-22,14.24
2016-10-23,14.38
2016-10-24,14.15
2016-10-25,14.26
2016-10-26,14.13
2016-10-27,14.29
2016-10-28,14.49
2016-10-29,15.16
2016-10-30,14.18
2016-10-31,14.12
2016-11-01,14.75
2016-11-02,14.46
2016-11-03,14.46
2016-11-04,14.58
2016-11-05,14.33
2016-11-06,14.17
2016-11-07,13.6
2016-11-08,13.97
2016-11-09,14.49
2016-11-10,14.4
2016-11-11,14.37
2016-11-12,14.12
2016-11-13,13.85
2016-11-14,14.13
2016-11-15,14.33
2016-11-16,14.21
2016-11-17,14.61
2016-11-18,13.67
2016-11-19,13.92
2016-11-20,13.87
2016-11-21,14.12
2016-11-22,14.47
2016-11-23,14.5
2016-11-24,14.44
2016-11-25,14.13
2016-11-26,14.56
2016-11-27,14.53
2016-11-28,14.3
2016-11-29,14.43
2016-11-30,14.26
2016-12-01,14.27
2016-12-02,14.22
2016-12-03,14
2016-12-04,14.4
2016-12-05,14.34
2016-12-06,14.09
2016-12-07,14.17
2016-12-08,14.03
2016-12-09,14.22
2016-12-10,14.16
2016-12-11,14.11
2016-12-12,14.35
2016-12-13,14.17
2016-12-14,14.14
2016-12-15,14.33
2016-12-16,14.15
2016-12-17,14.07
2016-12-18,14.13
2016-12-19,14.27
2016-12-20,14.19
2016-12-21,14.19
2016-12-22,14.42
2016-12-23,14.43
2016-12-24,14.33
2016-12-25,14.07
2016-12-26,14.18
2016-12-27,14.38
2016-12-28,14.19
2016-12-29,14.12
2016-12-30,14.17
2016-12-31,14.34
2017-01-01,14.09
2017-01-02,14.21
2017-01-03,14.28
2017-01-04,13.99
2017-01-05,14.1
2017-01-06,14.32
2017-01-07,14.09
2017-01-08,14.13
2017-01-09,14.16
2017-01-10,14.27
2017-01-11,14.24
2017-01-12,14.21
2017-01-13,14.1
2017-01-14,14.18
2017-01-15,14.14
2017-01-16,14.22
2017-01-17,14.36
2017-01-18,14.18
2017-01-19,14
2017-01-20,14.41
2017-01-21,14.27
2017-01-22,14.18
2017-01-23,14.22
2017-01-24,14.23
2017-01-25,14.31
2017-01-26,14.14
2017-01-27,14.36
2017-01-28,14.21
2017-01-29,14.43
2017-01-30,14.1
2017-01-31,14.29
2017-02-01,14.32
2017-02-02,14.2
2017-02-03,14.38
2017-02-04,14.12
2017-02-05,14.16
2017-02-06,14.21
2017-02-07,14.34
2017-02-08,14.18
2017-02-09,14.25
2017-02-10,14.23
2017-02-11,14.22
2017-02-12,14.21
2017-02-13,14.19
2017-02-14,14.29
2017-02-15,14.14
2017-02-16,14.22
2017-02-17,14.33
2017-02-18,14.34
2017-02-19,14.31
2017-02-20,14.31
2017-02-21,14.2
2017-02-22,14.43
2017-02-23,14.29
2017-02-24,14.34
2017-02-25,14.28
2017-02-26,14.12
2017-02-27,14.37
2017-02-28,14.08
2017-03-01,14.45
2017-03-02,14.2
2017-03-03,14.31
2017-03-04,14.37
2017-03-05,14.18
2017-03-06,14.41
2017-03-07,14.43
2017-03-08,14.29
2017-03-09,14.54
2017-03-10,14.43
2017-03-11,14.35
2017-03-12,14.53
2017-03-13,14.25
2017-03-14,14.43
2017-03-15,14.37
2017-03-16,14.37
2017-03-17,14.22
2017-03-18,14.36
2017-03-19,14.48
2017-03-20,14.15
2017-03-21,14.46
2017-03-22,14.31
2017-03-23,14.55
2017-03-24,14.54
2017-03-25,14.44
2017-03-26,14.37
2017-03-27,14.45
2017-03-28,14.61
2017-03-29,14.36
2017-03-30,14.57
2017-03-31,14.39
2017-04-01,14.51
2017-04-02,14.7
2017-04-03,14.4
2017-04-04,14.49
2017-04-05,14.41
2017-04-06,14.65
2017-04-07,14.47
2017-04-08,14.52
2017-04-09,14.9
2017-04-10,14.97
2017-04-11,14.76
2017-04-12,14.98
2017-04-13,14.88
2017-04-14,14.62
2017-04-15,15.08
2017-04-16,14.85
2017-04-17,14.73
2017-04-18,14.67
2017-04-19,15.06
2017-04-20,14.67
2017-04-21,14.67
2017-04-22,14.87
2017-04-23,14.67
2017-04-24,15.06
2017-04-25,14.57
2017-04-26,15.27
2017-04-27,15.25
2017-04-28,15.12
2017-04-29,15.29
2017-04-30,15.25
2017-05-01,15.32
2017-05-02,15.29
2017-05-03,15.21
2017-05-04,15.25
2017-05-05,15.15
2017-05-06,15.14
2017-05-07,15.07
2017-05-08,15.24
2017-05-09,15.13
2017-05-10,15.19
2017-05-11,15.03
2017-05-12,15.1
2017-05-13,15.39
2017-05-14,15.92
2017-05-15,15.9
2017-05-16,15.67
2017-05-17,16.1
2017-05-18,15.74
2017-05-19,15.83
2017-05-20,15.59
2017-05-21,15.77
2017-05-22,15.71
2017-05-23,15.83
2017-05-24,15.77
2017-05-25,15.71
2017-05-26,15.57
2017-05-27,15.76
2017-05-28,15.7
2017-05-29,15.32
2017-05-30,15.3
2017-05-31,15.87
2017-06-01,16.22
2017-06-02,16.82
2017-06-03,16.51
2017-06-04,16.61
2017-06-05,16.31
2017-06-06,16.44
2017-06-07,16.39
2017-06-08,16.43
2017-06-09,16.42
2017-06-10,16.02
2017-06-11,16.37
2017-06-12,16.31
2017-06-13,16.21
2017-06-14,16.15
2017-06-15,16.11
2017-06-16,16.03
2017-06-17,16.17
2017-06-18,15.97
2017-06-19,16
2017-06-20,17.32
2017-06-21,17.52
2017-06-22,17.31
2017-06-23,17.53
2017-06-24,17.25
2017-06-25,17.32
2017-06-26,17.2
2017-06-27,17.06
2017-06-28,17.24
2017-06-29,16.96
2017-06-30,16.98
2017-07-01,17.05
2017-07-02,16.97
2017-07-03,16.85
2017-07-04,16.81
2017-07-05,17.16
2017-07-06,16.96
2017-07-07,16.78
2017-07-08,16.78
2017-07-09,16.81
2017-07-10,18.59
2017-07-11,18.95
2017-07-12,18.95
2017-07-13,18.88
2017-07-14,19.02
2017-07-15,18.58
2017-07-16,18.71
2017-07-17,19.17
2017-07-18,18.82
2017-07-19,18.43
2017-07-20,18.44
2017-07-21,18.85
2017-07-22,18.45
2017-07-23,18.33
2017-07-24,18.62
2017-07-25,18.24
2017-07-26,18.43
2017-07-27,18.45
2017-07-28,18.45
2017-07-29,18.29
2017-07-30,18.25
2017-07-31,18.87
2017-08-01,20.93
2017-08-02,21.24
2017-08-03,21.55
2017-08-04,21.13
2017-08-05,21.22
2017-08-06,21.29
2017-08-07,20.92
2017-08-08,20.88
2017-08-09,20.85
2017-08-10,21.07
2017-08-11,20.79
2017-08-12,21.01
2017-08-13,20.73
2017-08-14,20.61
2017-08-15,20.73
2017-08-16,20.43
2017-08-17,20.61
2017-08-18,20.68
2017-08-19,20.29
2017-08-20,20.65
2017-08-21,20.31
2017-08-22,20.38
2017-08-23,20.38
2017-08-24,20.51
2017-08-25,24.18
2017-08-26,24.58
2017-08-27,24.43
2017-08-28,25
2017-08-29,24.22
2017-08-30,24.21
2017-08-31,24.64
2017-09-01,24.43
2017-09-02,24.2
2017-09-03,24.24
2017-09-04,24.33
2017-09-05,24.08
2017-09-06,24.44
2017-09-07,24.16
2017-09-08,23.86
2017-09-09,24.01
2017-09-10,24.03
2017-09-11,24.12
2017-09-12,23.83
2017-09-13,24.19
2017-09-14,23.71
2017-09-15,23.56
2017-09-16,23.68
2017-09-17,23.67
2017-09-18,23.99
2017-09-19,23.53
2017-09-20,23.74
2017-09-21,23.53
2017-09-22,28.57
2017-09-23,29.78
2017-09-24,29.19
2017-09-25,30.16
2017-09-26,29.56
2017-09-27,29.54
2017-09-28,30.02
2017-09-29,30.31
2017-09-30,30.27
2017-10-01,30.08
2017-10-02,30.16
2017-10-03,29.9
2017-10-04,29.4
2017-10-05,29.11
2017-10-06,30
2017-10-07,29.94
2017-10-08,29.65
2017-10-09,29.74
2017-10-10,29.38
2017-10-11,29.33
2017-10-12,29.46
2017-10-13,29.6
2017-10-14,29.71
2017-10-15,29.09
2017-10-16,18.71
2017-10-17,14.06
2017-10-18,13.73
2017-10-19,13.71
2017-10-20,13.68
2017-10-21,13.69
2017-10-22,13.59
2017-10-23,13.63
2017-10-24,13.64
2017-10-25,13.78
2017-10-26,13.87
2017-10-27,13.67
2017-10-28,13.69
2017-10-29,13.78
2017-10-30,14.02
2017-10-31,13.58
2017-11-01,13.85
2017-11-02,13.83
2017-11-03,13.68
2017-11-04,13.78
2017-11-05,13.54
2017-11-06,13.77
2017-11-07,13.72
2017-11-08,13.7
2017-11-09,13.79
2017-11-10,13.52
2017-11-11,13.58
2017-11-12,13.83
2017-11-13,13.65
2017-11-14,13.87
2017-11-15,13.69
2017-11-16,13.8
2017-11-17,13.66
2017-11-18,13.71
2017-11-19,13.6
2017-11-20,13.81
2017-11-21,13.8
2017-11-22,13.67
2017-11-23,13.73
2017-11-24,13.68
2017-11-25,13.69
2017-11-26,13.79
2017-11-27,14.02
2017-11-28,13.95
2017-11-29,13.92
2017-11-30,13.83
2017-12-01,13.89
2017-12-02,14.07
2017-12-03,14.08
2017-12-04,14.86
2017-12-05,14.94
2017-12-06,15.36
2017-12-07,14.57
2017-12-08,14.58
2017-12-09,14.51
2017-12-10,14.57
2017-12-11,14.68
2017-12-12,14.73
2017-12-13,14.96
2017-12-14,14.82
2017-12-15,14.52
2017-12-16,14.58
2017-12-17,14.66
2017-12-18,14.67
2017-12-19,15.02
2017-12-20,15.03
2017-12-21,15.07
2017-12-22,14.92
2017-12-23,14.25
2017-12-24,14.14
2017-12-25,14.17
2017-12-26,14.23
2017-12-27,14.2
2017-12-28,14.46
2017-12-29,14.71
2017-12-30,14.66
2017-12-31,14.27
2018-01-01,14.2
2018-01-02,14.74
2018-01-03,15.12
2018-01-04,15.39
2018-01-05,15.56
2018-01-06,15.59
2018-01-07,15.15
2018-01-08,15.42
2018-01-09,15.45
2018-01-10,15.31
2018-01-11,15.47
2018-01-12,15.46
2018-01-13,15.57
2018-01-14,14.78
2018-01-15,15.34
2018-01-16,15.02
2018-01-17,14.96
2018-01-18,14.9
2018-01-19,14.67
2018-01-20,14.38
2018-01-21,14.44
2018-01-22,14.31
2018-01-23,14.37
2018-01-24,14.16
2018-01-25,14.29
2018-01-26,14.24
2018-01-27,14.04
2018-01-28,14.03
2018-01-29,14.31
2018-01-30,14.31
2018-01-31,14.4
2018-02-01,14.59
2018-02-02,14.43
2018-02-03,14.16
2018-02-04,14.16
2018-02-05,14
2018-02-06,14.31
2018-02-07,14.32
2018-02-08,14.03
2018-02-09,14.26
2018-02-10,14.02
2018-02-11,14.26
2018-02-12,14.21
2018-02-13,14.23
2018-02-14,14.45
2018-02-15,14.2
2018-02-16,14.22
2018-02-17,14.05
2018-02-18,14.12
2018-02-19,14.34
2018-02-20,14.42
2018-02-21,14.37
2018-02-22,14.4
2018-02-23,14.25
2018-02-24,14.4
2018-02-25,14.39
2018-02-26,14.54
2018-02-27,14.32
2018-02-28,14.25
2018-03-01,14.37
2018-03-02,14.25
2018-03-03,14.22
2018-03-04,14.33
2018-03-05,14.36
2018-03-06,14.37
2018-03-07,14.26
2018-03-08,14.42
2018-03-09,14.33
2018-03-10,14.3
2018-03-11,14.14
2018-03-12,14.42
2018-03-13,14.43
2018-03-14,14.41
2018-03-15,14.32
2018-03-16,14.24
2018-03-17,14.46
2018-03-18,14.33
2018-03-19,14.23
2018-03-20,14.19
2018-03-21,14.21
2018-03-22,14.02
2018-03-23,14.22
2018-03-24,13.98
2018-03-25,14.12
2018-03-26,14.11
2018-03-27,14.31
2018-03-28,14.17
2018-03-29,14.38
2018-03-30,14.24
2018-03-31,14.01
2018-04-01,14.11
2018-04-02,13.92
2018-04-03,14.12
2018-04-04,14.17
2018-04-05,14.01
2018-04-06,14.01
2018-04-07,14.06
2018-04-08,13.97
2018-04-09,14.21
2018-04-10,13.93
2018-04-11,14.23
2018-04-12,14.39
2018-04-13,14.21
2018-04-14,14.29
2018-04-15,14.18
2018-04-16,14.26
2018-04-17,14.39
2018-04-18,14.55
2018-04-19,14.51
2018-04-20,14.71
2018-04-21,14.37
2018-04-22,14.31
2018-04-23,14.58
2018-04-24,14.76
2018-04-25,14.43
2018-04-26,14.34
2018-04-27,14.79
2018-04-28,14.81
2018-04-29,14.4
2018-04-30,14.71
2018-05-01,14.93
2018-05-02,14.75
2018-05-03,14.82
2018-05-04,14.91
2018-05-05,14.61
2018-05-06,14.57
2018-05-07,14.49
2018-05-08,14.67
2018-05-09,14.65
2018-05-10,14.72
2018-05-11,14.59
2018-05-12,14.61
2018-05-13,14.58
2018-05-14,14.94
2018-05-15,14.69
2018-05-16,14.85
2018-05-17,14.69
2018-05-18,14.97
2018-05-19,14.92
2018-05-20,14.87
2018-05-21,14.76
2018-05-22,14.9
2018-05-23,14.79
2018-05-24,15.14
2018-05-25,14.89
2018-05-26,14.63
2018-05-27,14.97
2018-05-28,14.69
2018-05-29,14.73
2018-05-30,14.91
2018-05-31,14.87
2018-06-01,14.88
2018-06-02,14.79
2018-06-03,14.99
2018-06-04,14.73
2018-06-05,14.93
2018-06-06,14.85
2018-06-07,14.84
2018-06-08,14.8
2018-06-09,14.9
2018-06-10,14.94
2018-06-11,14.89
2018-06-12,14.68
2018-06-13,14.67
2018-06-14,14.67
2018-06-15,14.62
2018-06-16,14.35
2018-06-17,14.3
2018-06-18,14.18
2018-06-19,14.53
2018-06-20,14.42
2018-06-21,14.29
2018-06-22,14.51
2018-06-23,14.24
2018-06-24,14.35
2018-06-25,14.88
2018-06-26,14.59
2018-06-27,14.45
2018-06-28,14.62
2018-06-29,14.62
2018-06-30,14.29
2018-07-01,14.38
2018-07-02,14.17
2018-07-03,14.54
2018-07-04,14.44
2018-07-05,14.5
2018-07-06,14.4
2018-07-07,14.51
2018-07-08,14.75
2018-07-09,14.37
2018-07-10,14.54
2018-07-11,14.21
2018-07-12,14.15
2018-07-13,14.27
2018-07-14,14.13
2018-07-15,13.99
2018-07-16,14.48
2018-07-17,14.33
2018-07-18,14.71
2018-07-19,14.56
2018-07-20,14.58
2018-07-21,14.12
2018-07-22,14.23
2018-07-23,14.49
2018-07-24,14.61
2018-07-25,14.41
2018-07-26,14.51
2018-07-27,14.41
2018-07-28,14.16
2018-07-29,14.15
2018-07-30,14.25
2018-07-31,14.33
2018-08-01,14.49
2018-08-02,14.51
2018-08-03,14.38
2018-08-04,14.2
2018-08-05,14.26
2018-08-06,14.35
2018-08-07,14.45
2018-08-08,14.19
2018-08-09,14.28
2018-08-10,14.33
2018-08-11,14.24
2018-08-12,14.55
2018-08-13,14.45
2018-08-14,14.27
2018-08-15,14.26
2018-08-16,14.27
2018-08-17,14.51
2018-08-18,14.39
2018-08-19,14.27
2018-08-20,14.24
2018-08-21,14.21
2018-08-22,14.34
2018-08-23,14.46
2018-08-24,14.27
2018-08-25,14.36
2018-08-26,14.21
2018-08-27,14.22
2018-08-28,14.31
2018-08-29,14.42
2018-08-30,14.33
2018-08-31,14.24
2018-09-01,14.48
2018-09-02,14.07
2018-09-03,14.44
2018-09-04,14.21
2018-09-05,14.24
2018-09-06,14.04
2018-09-07,14.37
2018-09-08,14.31
2018-09-09,14.41
2018-09-10,14.19
2018-09-11,14.21
2018-09-12,14.05
2018-09-13,14.14
2018-09-14,14.04
2018-09-15,14.03
2018-09-16,13.92
2018-09-17,13.95
2018-09-18,14.2
2018-09-19,13.94
2018-09-20,14.15
2018-09-21,13.96
2018-09-22,14.09
2018-09-23,13.96
2018-09-24,13.99
2018-09-25,13.94
2018-09-26,13.93
2018-09-27,14.03
2018-09-28,13.96
2018-09-29,13.93
2018-09-30,13.89
2018-10-01,13.92
2018-10-02,13.8
2018-10-03,14
2018-10-04,13.86
2018-10-05,13.99
2018-10-06,13.7
2018-10-07,13.66
2018-10-08,13.78
2018-10-09,13.9
2018-10-10,13.83
2018-10-11,13.87
2018-10-12,13.83
2018-10-13,13.83
2018-10-14,13.79
2018-10-15,13.96
2018-10-16,13.93
2018-10-17,13.92
2018-10-18,13.88
2018-10-19,14.02
2018-10-20,13.84
2018-10-21,13.95
2018-10-22,14.07
2018-10-23,13.82
2018-10-24,13.86
2018-10-25,13.91
2018-10-26,13.93
2018-10-27,14.05
2018-10-28,13.85
2018-10-29,13.87
2018-10-30,14.05
2018-10-31,13.86
2018-11-01,13.97
2018-11-02,14
2018-11-03,13.95
2018-11-04,13.92
2018-11-05,14.03
2018-11-06,13.99
2018-11-07,13.9
2018-11-08,14.04
2018-11-09,13.94
2018-11-10,13.96
2018-11-11,13.91
2018-11-12,13.82
2018-11-13,13.93
2018-11-14,14.08
2018-11-15,14.02
2018-11-16,13.79
2018-11-17,13.96
2018-11-18,13.87
2018-11-19,14.15
2018-11-20,14.1
2018-11-21,13.92
2018-11-22,14.12
2018-11-23,13.97
2018-11-24,13.94
2018-11-25,13.91
2018-11-26,14.04
2018-11-27,14.24
2018-11-28,14.19
2018-11-29,13.95
2018-11-30,14.09
2018-12-01,14.13
2018-12-02,14.08
2018-12-03,14.14
2018-12-04,14.27
2018-12-05,14.36
2018-12-06,14.23
2018-12-07,14.29
2018-12-08,14.15
2018-12-09,14.06
2018-12-10,13.81
2018-12-11,14.3
2018-12-12,14.09
2018-12-13,14.09
2018-12-14,14.22
2018-12-15,14.12
2018-12-16,14.29
2018-12-17,14.51
2018-12-18,14.58
2018-12-19,14.61
2018-12-20,14.59
2018-12-21,14.57
2018-12-22,14.41
2018-12-23,14.56
2018-12-24,14.42
2018-12-25,14.32
2018-12-26,14.35
2018-12-27,14.47
2018-12-28,14.55
2018-12-29,14.5
2018-12-30,14.68
2018-12-31,14.59
2019-01-01,14.72
2019-01-02,14.57
2019-01-03,15.48
2019-01-04,15.56
2019-01-05,15.37
2019-01-06,15.47
2019-01-07,15.41
2019-01-08,15.53
2019-01-09,15.4
2019-01-10,15.52
2019-01-11,15.52
2019-01-12,15.59
2019-01-13,15.18
2019-01-14,15.17
2019-01-15,15.23
2019-01-16,15.53
2019-01-17,15.41
2019-01-18,15.28
2019-01-19,15.07
2019-01-20,15.29
2019-01-21,16.82
2019-01-22,16.91
2019-01-23,17.15
2019-01-24,16.83
2019-01-25,16.79
2019-01-26,16.98
2019-01-27,17.05
2019-01-28,17.52
2019-01-29,17.54
2019-01-30,17.3
2019-01-31,17.33
2019-02-01,17.67
2019-02-02,17.41
2019-02-03,17.68
2019-02-04,17.39
2019-02-05,17.54
2019-02-06,17.55
2019-02-07,17.44
2019-02-08,17.43
2019-02-09,17.49
2019-02-10,20
2019-02-11,20.48
2019-02-12,20.12
2019-02-13,20.48
2019-02-14,20.62
2019-02-15,20.68
2019-02-16,20.39
2019-02-17,20.76
2019-02-18,20.47
2019-02-19,19.99
2019-02-20,20.15
2019-02-21,20.22
2019-02-22,20.28
2019-02-23,19.76
2019-02-24,20.12
2019-02-25,20.2
2019-02-26,20.09
2019-02-27,20.04
2019-02-28,19.61
2019-03-01,14.3
2019-03-02,13.35
2019-03-03,13.42
2019-03-04,13.41
2019-03-05,13.34
2019-03-06,13.4
2019-03-07,13.32
2019-03-08,13.41
2019-03-09,13.43
2019-03-10,13.15
2019-03-11,13.38
2019-03-12,13.18
2019-03-13,13.31
2019-03-14,13.24
2019-03-15,13.31
2019-03-16,13.11
2019-03-17,13.34
2019-03-18,13.34
2019-03-19,13.27
2019-03-20,13.15
2019-03-21,13.4
2019-03-22,13.34
2019-03-23,13.26
2019-03-24,13.28
2019-03-25,13.29
2019-03-26,13.42
2019-03-27,13.2
2019-03-28,13.38
2019-03-29,13.38
2019-03-30,13.38
2019-03-31,13.29
2019-04-01,13.23
2019-04-02,13.31
2019-04-03,13.42
2019-04-04,13.29
2019-04-05,13.21
2019-04-06,13.25
2019-04-07,13.13
2019-04-08,13.22
2019-04-09,13.19
2019-04-10,13.18
2019-04-11,13.31
2019-04-12,13.28
2019-04-13,13.08
2019-04-14,13.26
2019-04-15,13.16
2019-04-16,13.21
2019-04-17,13.3
2019-04-18,13.27
2019-04-19,13.19
2019-04-20,13.33
2019-04-21,13.17
2019-04-22,13.23
2019-04-23,13.51
2019-04-24,13.27
2019-04-25,13.14
2019-04-26,13.16
2019-04-27,13.13
2019-04-28,13.23
2019-04-29,13.21
2019-04-30,13.24
2019-05-01,13.12
2019-05-02,13.21
2019-05-03,13.38
2019-05-04,13.01
2019-05-05,13.27
2019-05-06,13.36
2019-05-07,13.29
2019-05-08,13.36
2019-05-09,13.31
2019-05-10,13.15
2019-05-11,13.19
2019-05-12,13.12
2019-05-13,13.22
2019-05-14,13.08
2019-05-15,13.04
2019-05-16,13.37
2019-05-17,13.07
2019-05-18,13.19
2019-05-19,13.24
2019-05-20,13.32
2019-05-21,13.28
2019-05-22,13.21
2019-05-23,13.38
2019-05-24,13.21
2019-05-25,13.04
2019-05-26,13.18
2019-05-27,13.21
2019-05-28,13.31
2019-05-29,12.96
2019-05-30,13.41
2019-05-31,13.09
2019-06-01,13.25
2019-06-02,13.24
2019-06-03,13.33
2019-06-04,13.25
2019-06-05,13.16
2019-06-06,13.1
2019-06-07,13.34
2019-06-08,13.3
2019-06-09,13.3
2019-06-10,13.05
2019-06-11,13.2
2019-06-12,13.27
2019-06-13,13.22
2019-06-14,13.17
2019-06-15,13.31
2019-06-16,13.13
2019-06-17,13.21
2019-06-18,13.28
2019-06-19,13.26
2019-06-20,13.25
2019-06-21,13.32
2019-06-22,13.11
2019-06-23,13.22
2019-06-24,13.1
2019-06-25,13.17
2019-06-26,13.16
2019-06-27,13.26
2019-06-28,13.21
2019-06-29,13.18
2019-06-30,13.18
2019-07-01,13.16
2019-07-02,13.25
2019-07-03,13.2
2019-07-04,13.21
2019-07-05,13.24
2019-07-06,13.04
2019-07-07,13.06
2019-07-08,13.08
2019-07-09,13.03
2019-07-10,13.19
2019-07-11,13.15
2019-07-12,13.38
2019-07-13,13.17
2019-07-14,13
2019-07-15,13.32
2019-07-16,13.37
2019-07-17,13.22
2019-07-18,12.98
2019-07-19,13.29
2019-07-20,13.02
2019-07-21,13.21
2019-07-22,13.07
2019-07-23,13.03
2019-07-24,13.1
2019-07-25,13.3
2019-07-26,13.16
2019-07-27,13.09
2019-07-28,13.14
2019-07-29,13.27
2019-07-30,13.03
2019-07-31,13.22
2019-08-01,13.37
2019-08-02,13.03
2019-08-03,13.08
2019-08-04,13.15
2019-08-05,13.11
2019-08-06,13.14
2019-08-07,13.1
2019-08-08,13.26
2019-08-09,13.17
2019-08-10,13.01
2019-08-11,13.17
2019-08-12,13.01
2019-08-13,13.19
2019-08-14,13.12
2019-08-15,13.23
2019-08-16,13.07
2019-08-17,13.07
2019-08-18,13.18
2019-08-19,13.29
2019-08-20,13.16
2019-08-21,13.09
2019-08-22,13.24
2019-08-23,13.05
2019-08-24,13.41
2019-08-25,12.9
2019-08-26,13.32
2019-08-27,13.19
2019-08-28,13.17
2019-08-29,12.99
2019-08-30,13.09
2019-08-31,13.2
2019-09-01,13.16
2019-09-02,13.14
2019-09-03,13.25
2019-09-04,13.14
2019-09-05,13.1
2019-09-06,13.22
2019-09-07,13.14
2019-09-08,13.22
2019-09-09,13.13
2019-09-10,13.26
2019-09-11,13.13
2019-09-12,13.1
2019-09-13,13.32
2019-09-14,13.12
2019-09-15,13.27
2019-09-16,13.07
2019-09-17,13.2
2019-09-18,13.06
2019-09-19,13.33
2019-09-20,13.06
2019-09-21,13.21
2019-09-22,13.24
2019-09-23,13.15
2019-09-24,13.47
2019-09-25,13.24
2019-09-26,13.21
2019-09-27,13.36
2019-09-28,13.11
2019-09-29,13.19
2019-09-30,13.22
2019-10-01,13.18
2019-10-02,13.32
2019-10-03,13.22
2019-10-04,13.17
2019-10-05,13.11
2019-10-06,13.08
2019-10-07,13.27
2019-10-08,13.35
2019-10-09,13.27
2019-10-10,13.34
2019-10-11,13.3
2019-10-12,13.37
2019-10-13,13.32
2019-10-14,13.23
2019-10-15,13.07
2019-10-16,13.33
2019-10-17,13.39
2019-10-18,13.34
2019-10-19,13.31
2019-10-20,13.27
2019-10-21,13.42
2019-10-22,13.25
2019-10-23,13.27
2019-10-24,13.52
2019-10-25,13.8
2019-10-26,13.5
2019-10-27,13.71
2019-10-28,13.55
2019-10-29,13.63
2019-10-30,13.55
2019-10-31,13.6
2019-11-01,13.48
2019-11-02,13.69
2019-11-03,13.48
2019-11-04,13.67
2019-11-05,13.59
2019-11-06,13.64
2019-11-07,13.67
2019-11-08,13.69
2019-11-09,13.8
2019-11-10,14.1
2019-11-11,14.15
2019-11-12,14.09
2019-11-13,14.05
2019-11-14,14.06
2019-11-15,14.1
2019-11-16,14.12
2019-11-17,14.07
2019-11-18,14.19
2019-11-19,14.39
2019-11-20,14.17
2019-11-21,13.96
2019-11-22,14.27
2019-11-23,14.06
2019-11-24,14.12
2019-11-25,14.36
2019-11-26,14.98
2019-11-27,15.02
2019-11-28,15.09
2019-11-29,15.19
2019-11-30,14.88
2019-12-01,15.22
2019-12-02,14.98
2019-12-03,15.1
2019-12-04,15.25
2019-12-05,15.17
2019-12-06,15.18
2019-12-07,15.08
2019-12-08,15.15
2019-12-09,15.13
2019-12-10,14.93
2019-12-11,15.25
2019-12-12,14.95
2019-12-13,15.53
2019-12-14,16.67
2019-12-15,16.62
2019-12-16,16.75
2019-12-17,16.82
2019-12-18,17.04
2019-12-19,16.93
2019-12-20,17.08
2019-12-21,16.82
2019-12-22,17.15
2019-12-23,17.08
2019-12-24,16.9
2019-12-25,17.04
2019-12-26,17.07
2019-12-27,16.98
2019-12-28,16.82
2019-12-29,17
2019-12-30,16.96
2019-12-31,17.08
2020-01-01,17.16
2020-01-02,14.96
2020-01-03,13.04
2020-01-04,12.96
2020-01-05,13.15
2020-01-06,12.89
2020-01-07,13.02
2020-01-08,13.03
2020-01-09,13.03
2020-01-10,13
2020-01-11,13.05
2020-01-12,13.11
2020-01-13,13.02
2020-01-14,13.05
2020-01-15,13.08
2020-01-16,13
2020-01-17,13
2020-01-18,13.07
2020-01-19,12.95
2020-01-20,13.06
2020-01-21,13
2020-01-22,13.12
2020-01-23,12.95
2020-01-24,13.03
2020-01-25,13.14
2020-01-26,13.13
2020-01-27,13.04
2020-01-28,13.04
2020-01-29,13.02
2020-01-30,13.2
2020-01-31,13.09
2020-02-01,13.12
2020-02-02,13.05
2020-02-03,13.01
2020-02-04,12.99
2020-02-05,13.18
2020-02-06,13.01
2020-02-07,13.07
2020-02-08,13.11
2020-02-09,13.12
2020-02-10,12.98
2020-02-11,13.04
2020-02-12,13.16
2020-02-13,13.11
2020-02-14,13.07
2020-02-15,13.14
2020-02-16,12.99
2020-02-17,13.16
2020-02-18,13.07
2020-02-19,12.96
2020-02-20,13.15
2020-02-21,13.11
2020-02-22,13.11
2020-02-23,13.05
2020-02-24,13.11
2020-02-25,13.24
2020-02-26,13.01
2020-02-27,13.09
2020-02-28,13.1
2020-02-29,13.07
2020-03-01,13.1
2020-03-02,13.05
2020-03-03,13.09
2020-03-04,13.01
2020-03-05,13.31
2020-03-06,12.99
2020-03-07,13.01
2020-03-08,13
2020-03-09,13.22
2020-03-10,13.09
2020-03-11,13.04
2020-03-12,13.13
2020-03-13,13.31
2020-03-14,13.09
2020-03-15,13.05
2020-03-16,13.11
2020-03-17,13.06
2020-03-18,13.02
2020-03-19,13.1
2020-03-20,13.23
2020-03-21,13.13
2020-03-22,13.52
2020-03-23,13.09
2020-03-24,13.36
2020-03-25,13.31
2020-03-26,13.15
2020-03-27,12.99
2020-03-28,13.05
2020-03-29,12.95
2020-03-30,13.18
2020-03-31,13.13
2020-04-01,12.92
2020-04-02,13.13
2020-04-03,13.05
2020-04-04,13.13
2020-04-05,13.07
2020-04-06,13.22
2020-04-07,12.95
2020-04-08,13.06
2020-04-09,13.16
2020-04-10,13.05
2020-04-11,13.26
2020-04-12,12.96
2020-04-13,13.06
2020-04-14,13.11
2020-04-15,13.1
2020-04-16,13.13
2020-04-17,13.22
2020-04-18,13.2
2020-04-19,13.08
2020-04-20,13.08
2020-04-21,13.19
2020-04-22,13.02
2020-04-23,13.16
2020-04-24,13.13
2020-04-25,13.25
2020-04-26,13.16
2020-04-27,13.18
2020-04-28,13.27
2020-04-29,13.05
2020-04-30,13.31
2020-05-01,13.12
2020-05-02,13.15
2020-05-03,13.23
2020-05-04,13.02
2020-05-05,13.07
2020-05-06,13.25
2020-05-07,13.14
2020-05-08,13.07
2020-05-09,13.26
2020-05-10,13.1
2020-05-11,13.21
2020-05-12,13.28
2020-05-13,13.12
2020-05-14,13.13
2020-05-15,13.21
2020-05-16,13.28
2020-05-17,13.13
2020-05-18,13.26
2020-05-19,13.33
2020-05-20,13.16
2020-05-21,13.12
2020-05-22,13.32
2020-05-23,13.03
2020-05-24,13.28
2020-05-25,13.31
2020-05-26,13.07
2020-05-27,13.22
2020-05-28,13.23
2020-05-29,13.22
2020-05-30,13.18
2020-05-31,13.08
2020-06-01,13.24
2020-06-02,13.12
2020-06-03,13.28
2020-06-04,13.21
2020-06-05,13.06
2020-06-06,13.2
2020-06-07,13.1
2020-06-08,13.26
2020-06-09,13.11
2020-06-10,13.35
2020-06-11,13.14
2020-06-12,13.04
2020-06-13,13.19
2020-06-14,13.03
2020-06-15,13.14
2020-06-16,13.2
2020-06-17,13.21
2020-06-18,13.18
2020-06-19,13.05
2020-06-20,13.14
2020-06-21,13.09
2020-06-22,13.19
2020-06-23,13.18
2020-06-24,13.08
2020-06-25,13.23
2020-06-26,13.23
2020-06-27,13.35
2020-06-28,13.04
2020-06-29,13.27
2020-06-30,13.13
2020-07-01,13.29
2020-07-02,13.22
2020-07-03,13.12
2020-07-04,13.19
2020-07-05,13.14
2020-07-06,13.13
2020-07-07,13.11
2020-07-08,13.06
2020-07-09,13.16
2020-07-10,13.26
2020-07-11,13.08
2020-07-12,13.13
2020-07-13,13.1
2020-07-14,13.24
2020-07-15,13.16
2020-07-16,13.27
2020-07-17,13.18
2020-07-18,13.05
2020-07-19,13.2
2020-07-20,13.23
2020-07-21,13.27
2020-07-22,13.16
2020-07-23,12.98
2020-07-24,13.03
2020-07-25,13.37
2020-07-26,13.05
2020-07-27,13.15
2020-07-28,13.06
2020-07-29,13.07
2020-07-30,13.27
2020-07-31,13.02
2020-08-01,13.06
2020-08-02,13.07
2020-08-03,13.09
2020-08-04,13.16
2020-08-05,13.16
2020-08-06,13.02
2020-08-07,13.03
2020-08-08,13.17
2020-08-09,13.04
2020-08-10,13.06
2020-08-11,13.06
2020-08-12,12.97
2020-08-13,13.12
2020-08-14,13.06
2020-08-15,13.08
2020-08-16,13.05
2020-08-17,13.26
2020-08-18,12.9
2020-08-19,13.01
2020-08-20,12.96
2020-08-21,13.04
2020-08-22,13.15
2020-08-23,12.92
2020-08-24,13
2020-08-25,13.2
2020-08-26,12.92
2020-08-27,13.07
2020-08-28,13.01
2020-08-29,13.04
2020-08-30,12.96
2020-08-31,12.89
2020-09-01,13
2020-09-02,13.06
2020-09-03,13.04
2020-09-04,12.83
2020-09-05,12.99
2020-09-06,12.83
2020-09-07,13.14
2020-09-08,12.99
2020-09-09,13.06
2020-09-10,13
2020-09-11,12.9
2020-09-12,13.09
2020-09-13,12.99
2020-09-14,13.14
2020-09-15,13.05
2020-09-16,13.15
2020-09-17,12.87
2020-09-18,13.18
2020-09-19,13.01
2020-09-20,12.87
2020-09-21,12.92
2020-09-22,13.16
2020-09-23,13.04
2020-09-24,13.06
2020-09-25,13.26
2020-09-26,13.27
2020-09-27,13.42
2020-09-28,13.35
2020-09-29,13.35
2020-09-30,13.34
2020-10-01,13.34
2020-10-02,13.36
2020-10-03,13.37
2020-10-04,13.43
2020-10-05,13.24
2020-10-06,13.2
2020-10-07,13.5
2020-10-08,13.54
2020-10-09,13.41
2020-10-10,13.13
2020-10-11,12.97
2020-10-12,13.17
2020-10-13,12.9
2020-10-14,13.05
2020-10-15,12.91
2020-10-16,13.09
2020-10-17,13.05
2020-10-18,13.25
2020-10-19,12.89
2020-10-20,13.1
2020-10-21,13.12
2020-10-22,13.03
2020-10-23,13.2
2020-10-24,12.96
2020-10-25,13.19
2020-10-26,13.14
2020-10-27,13.07
2020-10-28,12.95
2020-10-29,13.02
2020-10-30,13.09
2020-10-31,13.09
2020-11-01,13.1
2020-11-02,13.21
2020-11-03,13.05
2020-11-04,13.09
2020-11-05,13.09
2020-11-06,13.04
2020-11-07,13.15
2020-11-08,13.04
2020-11-09,13.1
2020-11-10,13.16
2020-11-11,13.08
2020-11-12,13.09
2020-11-13,13
2020-11-14,13
2020-11-15,13.05
2020-11-16,13.15
2020-11-17,13.05
2020-11-18,13.23
2020-11-19,12.87
2020-11-20,13.19
2020-11-21,12.94
2020-11-22,13.02
2020-11-23,13.16
2020-11-24,12.95
2020-11-25,13.16
2020-11-26,13.07
2020-11-27,13.34
2020-11-28,12.89
2020-11-29,13.11
2020-11-30,12.92
2020-12-01,13.08
2020-12-02,13.22
2020-12-03,12.99
2020-12-04,13.22
2020-12-05,13.15
2020-12-06,13
2020-12-07,13.16
2020-12-08,13.11
2020-12-09,12.92
2020-12-10,13.26
2020-12-11,13.14
2020-12-12,13.08
2020-12-13,13.18
2020-12-14,13.04
2020-12-15,13.13
2020-12-16,13.02
2020-12-17,13.05
2020-12-18,13.13
2020-12-19,13.07
2020-12-20,12.99
2020-12-21,13.11
2020-12-22,13.13
2020-12-23,12.95
2020-12-24,13.15
2020-12-25,13.18
2020-12-26,12.9
2020-12-27,13.11
2020-12-28,12.9
2020-12-29,13.3
2020-12-30,13.01
2020-12-31,13.08
2021-01-01,13.06
2021-01-02,12.94
2021-01-03,13.15
2021-01-04,13.08
2021-01-05,12.97
2021-01-06,13.17
2021-01-07,13.22
2021-01-08,12.96
2021-01-09,13.2
2021-01-10,13.01
2021-01-11,13.03
2021-01-12,12.99
2021-01-13,12.99
2021-01-14,13.33
2021-01-15,12.89
2021-01-16,13.09
2021-01-17,13.09
2021-01-18,13.03
2021-01-19,13.06
2021-01-20,12.99
2021-01-21,13.16
2021-01-22,13.12
2021-01-23,13
2021-01-24,13.11
2021-01-25,13.03
2021-01-26,13.09
2021-01-27,13.19
2021-01-28,13.12
2021-01-29,13.25
2021-01-30,13.36
2021-01-31,12.87
2021-02-01,13.13
2021-02-02,13.17
2021-02-03,13.07
2021-02-04,13.02
2021-02-05,13.19
2021-02-06,13.12
2021-02-07,12.99
2021-02-08,13.15
2021-02-09,13.11
2021-02-10,13.03
2021-02-11,13.06
2021-02-12,13.03
2021-02-13,13.22
2021-02-14,13
2021-02-15,13.1
2021-02-16,13.18
2021-02-17,13.05
2021-02-18,13.2
2021-02-19,12.94
2021-02-20,13.15
2021-02-21,13.15
2021-02-22,13.12
2021-02-23,13.11
2021-02-24,13.19
2021-02-25,13.13
2021-02-26,13.07
2021-02-27,13.18
2021-02-28,13.23
2021-03-01,13.19
2021-03-02,13.01
2021-03-03,13.32
2021-03-04,13.12
2021-03-05,13.11
2021-03-06,13.01
2021-03-07,13.21
2021-03-08,13.18
2021-03-09,13.27
2021-03-10,13.07
2021-03-11,13.32
2021-03-12,13.21
2021-03-13,13.13
2021-03-14,13.13
2021-03-15,13.26
2021-03-16,13.11
2021-03-17,13.18
2021-03-18,13.15
2021-03-19,13.15
2021-03-20,13.12
2021-03-21,13.28
2021-03-22,13.14
2021-03-23,13.12
2021-03-24,13.17
2021-03-25,13.14
2021-03-26,13.09
2021-03-27,13.14
2021-03-28,13.14
2021-03-29,13.14
2021-03-30,13.13
2021-03-31,13.2
2021-04-01,13.1
2021-04-02,13.27
2021-04-03,13.14
2021-04-04,13.05
2021-04-05,13.16
2021-04-06,13.18
2021-04-07,13.12
2021-04-08,13.26
2021-04-09,13.25
2021-04-10,13.01
2021-04-11,13.11
2021-04-12,13.14
2021-04-13,13.14
2021-04-14,13.26
2021-04-15,13.2
2021-04-16,13.25
2021-04-17,13.18
2021-04-18,13.1
2021-04-19,13.31
2021-04-20,12.94
2021-04-21,13.08
2021-04-22,13.26
2021-04-23,13.22
2021-04-24,13.11
2021-04-25,13.1
2021-04-26,13.17
2021-04-27,13.13
2021-04-28,13.16
2021-04-29,13.16
2021-04-30,13.21
2021-05-01,13.1
2021-05-02,13.2
2021-05-03,13.1
2021-05-04,13.11
2021-05-05,13.11
2021-05-06,13.14
2021-05-07,13.2
2021-05-08,13.09
2021-05-09,13.2
2021-05-10,13.05
2021-05-11,13.16
2021-05-12,13.25
2021-05-13,13.01
2021-05-14,13.12
2021-05-15,13.14
2021-05-16,13.15
2021-05-17,13.18
2021-05-18,13.13
2021-05-19,13.2
2021-05-20,13.16
2021-05-21,13.23
2021-05-22,13.17
2021-05-23,13.16
2021-05-24,13.13
2021-05-25,13.28
2021-05-26,13.25
2021-05-27,13.21
2021-05-28,13.13
2021-05-29,13.17
2021-05-30,13.25
2021-05-31,13.25
2021-06-01,13.14
2021-06-02,13.08
2021-06-03,13.25
2021-06-04,13.02
2021-06-05,13.24
2021-06-06,12.98
2021-06-07,13.22
2021-06-08,13.15
2021-06-09,13.19
2021-06-10,13.21
2021-06-11,13.23
2021-06-12,13.21
2021-06-13,13.13
2021-06-14,13.22
2021-06-15,13.1
2021-06-16,13.28
2021-06-17,13.1
2021-06-18,13.33
2021-06-19,13.23
2021-06-20,13.17
2021-06-21,13.43
2021-06-22,13.22
2021-06-23,13.18
2021-06-24,13.28
2021-06-25,13.45
2021-06-26,13.23
2021-06-27,13.21
2021-06-28,13.13
2021-06-29,13.29
2021-06-30,13.16
2021-07-01,13.4
2021-07-02,13.2
2021-07-03,13.29
2021-07-04,13.12
2021-07-05,13.26
2021-07-06,13.1
2021-07-07,13.27
2021-07-08,13.17
2021-07-09,13.26
2021-07-10,13.21
2021-07-11,13.27
2021-07-12,13.32
2021-07-13,13.52
2021-07-14,13.29
2021-07-15,13.24
2021-07-16,13.44
2021-07-17,13.42
2021-07-18,13.37
2021-07-19,13.23
2021-07-20,13.4
2021-07-21,13.24
2021-07-22,13.3
2021-07-23,13.36
2021-07-24,13.17
2021-07-25,13.34
2021-07-26,13.42
2021-07-27,13.56
2021-07-28,13.56
2021-07-29,13.41
2021-07-30,13.56
2021-07-31,13.5
2021-08-01,13.44
2021-08-02,13.32
2021-08-03,13.42
2021-08-04,13.49
2021-08-05,13.48
2021-08-06,13.25
2021-08-07,13.04
2021-08-08,13.11
2021-08-09,13.13
2021-08-10,13.11
2021-08-11,13.32
2021-08-12,13.11
2021-08-13,13.23
2021-08-14,13.17
2021-08-15,13.32
2021-08-16,13.12
2021-08-17,13.1
2021-08-18,13.32
2021-08-19,13
2021-08-20,13.22
2021-08-21,13.31
2021-08-22,13.09
2021-08-23,13.31
2021-08-24,13.1
2021-08-25,13.23
2021-08-26,13.19
2021-08-27,13.21
2021-08-28,13.24
2021-08-29,13.18
2021-08-30,13.17
2021-08-31,13.15
2021-09-01,13.19
2021-09-02,13
2021-09-03,13.17
2021-09-04,13.23
2021-09-05,13.09
2021-09-06,13.21
2021-09-07,13.25
2021-09-08,13.16
2021-09-09,13.16
2021-09-10,13.2
2021-09-11,13.34
2021-09-12,13.04
2021-09-13,13.28
2021-09-14,13.17
2021-09-15,13.23
2021-09-16,13.1
2021-09-17,13.18
2021-09-18,13.2
2021-09-19,13.1
2021-09-20,13.2
2021-09-21,13.12
2021-09-22,13.27
2021-09-23,13.29
2021-09-24,13.21
2021-09-25,12.97
2021-09-26,13.31
2021-09-27,13.23
2021-09-28,13.43
2021-09-29,13.23
2021-09-30,13.47
2021-10-01,13.14
2021-10-02,13.36
2021-10-03,13.4
2021-10-04,13.4
2021-10-05,13.29
2021-10-06,13.25
2021-10-07,13.46
2021-10-08,13.27
2021-10-09,13.43
2021-10-10,13.4
2021-10-11,13.39
2021-10-12,13.43
2021-10-13,13.52
2021-10-14,13.49
2021-10-15,13.46
2021-10-16,13.22
2021-10-17,13.3
2021-10-18,13.49
2021-10-19,13.3
2021-10-20,13.43
2021-10-21,13.13
2021-10-22,13.28
2021-10-23,13.43
2021-10-24,13.39
2021-10-25,13.31
2021-10-26,13.33
2021-10-27,13.48
2021-10-28,13.34
2021-10-29,13.37
2021-10-30,13.42
2021-10-31,13.46
2021-11-01,13.3
2021-11-02,13.52
2021-11-03,13.36
2021-11-04,13.61
2021-11-05,13.23
2021-11-06,13.44
2021-11-07,13.22
2021-11-08,13.46
2021-11-09,13.42
2021-11-10,13.32
2021-11-11,13.37
2021-11-12,13.31
2021-11-13,13.48
2021-11-14,13.48
2021-11-15,13.51
2021-11-16,13.61
2021-11-17,13.3
2021-11-18,13.39
2021-11-19,13.71
2021-11-20,13.54
2021-11-21,13.59
2021-11-22,13.41
2021-11-23,13.43
2021-11-24,13.56
2021-11-25,13.53
2021-11-26,13.68
2021-11-27,13.35
2021-11-28,13.57
2021-11-29,13.7
2021-11-30,13.63
2021-12-01,13.71
2021-12-02,13.61
2021-12-03,13.57
2021-12-04,13.8
2021-12-05,13.68
2021-12-06,13.61
2021-12-07,13.62
2021-12-08,13.66
2021-12-09,13.54
2021-12-10,13.26
2021-12-11,13.14
2021-12-12,13.12
2021-12-13,13.17
2021-12-14,13.29
2021-12-15,13.18
2021-12-16,13.32
2021-12-17,13.18
2021-12-18,13.12
2021-12-19,13.27
2021-12-20,13.01
2021-12-21,13.24
2021-12-22,13.28
2021-12-23,13.31
2021-12-24,13.16
2021-12-25,13.21
2021-12-26,13.2
2021-12-27,13.17
2021-12-28,13.24
2021-12-29,13.09
2021-12-30,13.28
2021-12-31,13.36
2022-01-01,13.13
2022-01-02,13.11
2022-01-03,13.17
2022-01-04,13.14
2022-01-05,13.23
2022-01-06,13.35
2022-01-07,13.24
2022-01-08,13.05
2022-01-09,13.16
2022-01-10,13.29
2022-01-11,13.04
2022-01-12,13.16
2022-01-13,13.19
2022-01-14,13.19
2022-01-15,13.1
2022-01-16,13.11
2022-01-17,13.2
2022-01-18,13.17
2022-01-19,13.14
2022-01-20,13.18
2022-01-21,13.33
2022-01-22,12.9
2022-01-23,13.24
2022-01-24,13.15
2022-01-25,13.24
2022-01-26,13.21
2022-01-27,13.13
2022-01-28,13.18
2022-01-29,13.21
2022-01-30,13.07
2022-01-31,13.16
2022-02-01,13.11
2022-02-02,13.22
2022-02-03,13.24
2022-02-04,12.98
2022-02-05,13.32
2022-02-06,13.03
2022-02-07,13.18
2022-02-08,13.24
2022-02-09,13.18
2022-02-10,13.23
2022-02-11,13.04
2022-02-12,13.22
2022-02-13,13.26
2022-02-14,13.22
2022-02-15,13.11
2022-02-16,13.35
2022-02-17,13.18
2022-02-18,13.26
2022-02-19,13.36
2022-02-20,13.09
2022-02-21,13.3
2022-02-22,13.19
2022-02-23,13.15
2022-02-24,13.12
2022-02-25,13.28
2022-02-26,13.14
2022-02-27,13.15
2022-02-28,13.29
2022-03-01,13.12
2022-03-02,13.31
2022-03-03,13.24
2022-03-04,13.14
2022-03-05,13.35
2022-03-06,13.25
2022-03-07,13.19
2022-03-08,13.33
2022-03-09,13.08
2022-03-10,13.12
2022-03-11,13.38
2022-03-12,13.05
2022-03-13,13.41
2022-03-14,13.1
2022-03-15,13.25
2022-03-16,13.27
2022-03-17,13.24
2022-03-18,13.19
2022-03-19,13.17
2022-03-20,13.19
2022-03-21,13.22
2022-03-22,13.17
2022-03-23,13.16
2022-03-24,13.19
2022-03-25,13.19
2022-03-26,13.23
2022-03-27,13.25
2022-03-28,13.11
2022-03-29,13.16
2022-03-30,13.32
2022-03-31,13.28
2022-04-01,13.19
2022-04-02,13.39
2022-04-03,13.21
2022-04-04,13.39
2022-04-05,13.15
2022-04-06,13.2
2022-04-07,13.22
2022-04-08,13.39
2022-04-09,13.19
2022-04-10,13.26
2022-04-11,13.17
2022-04-12,13.21
2022-04-13,13.44
2022-04-14,13.22
2022-04-15,13.24
2022-04-16,13.31
2022-04-17,13.16
2022-04-18,13.38
2022-04-19,13.27
2022-04-20,13.22
2022-04-21,13.45
2022-04-22,13.23
2022-04-23,13.33
2022-04-24,13.3
2022-04-25,13.35
2022-04-26,13.39
2022-04-27,13.3
2022-04-28,13.34
2022-04-29,13.25
2022-04-30,13.34
2022-05-01,13.31
2022-05-02,13.33
2022-05-03,13.38
2022-05-04,13.56
2022-05-05,13.5
2022-05-06,13.44
2022-05-07,13.44
2022-05-08,13.31
2022-05-09,13.66
2022-05-10,13.59
2022-05-11,13.39
